<?xml version="1.0" encoding="utf-8"?>
<doctrine-mapping xmlns="http://doctrine-project.org/schemas/orm/doctrine-mapping" xmlns:xsi="http://www.w3.org/2001/XMLSchema-instance" xsi:schemaLocation="http://doctrine-project.org/schemas/orm/doctrine-mapping http://doctrine-project.org/schemas/orm/doctrine-mapping.xsd">
  <entity name="health\ResourcesBundle\Entity\Cheats" table="cheats">
    <id name="cheatId" type="integer" column="cheat_id">
      <generator strategy="IDENTITY"/>
    </id>
    <field name="type" type="string" column="type" length="50" nullable="false"/>
    <field name="cheats" type="text" column="cheats" nullable="false"/>
    <field name="picture" type="string" column="picture" length="100" nullable="false"/>
  </entity>
</doctrine-mapping>
