<?xml version="1.0" encoding="utf-8"?>
<doctrine-mapping xmlns="http://doctrine-project.org/schemas/orm/doctrine-mapping" xmlns:xsi="http://www.w3.org/2001/XMLSchema-instance" xsi:schemaLocation="http://doctrine-project.org/schemas/orm/doctrine-mapping http://doctrine-project.org/schemas/orm/doctrine-mapping.xsd">
  <entity name="health\ResourcesBundle\Entity\Exercises" table="exercises">
    <id name="id" type="integer" column="id">
      <generator strategy="IDENTITY"/>
    </id>
    <field name="bodypart" type="string" column="bodyPart" length="60" nullable="false"/>
    <field name="exercise1" type="text" column="exercise1" nullable="false"/>
    <field name="exercise2" type="text" column="exercise2" nullable="false"/>
    <field name="exercise3" type="text" column="exercise3" nullable="false"/>
    <field name="pic" type="string" column="pic" length="100" nullable="false"/>
    <field name="link" type="string" column="link" length="100" nullable="false"/>
  </entity>
</doctrine-mapping>
