<?xml version="1.0" encoding="utf-8"?>
<doctrine-mapping xmlns="http://doctrine-project.org/schemas/orm/doctrine-mapping" xmlns:xsi="http://www.w3.org/2001/XMLSchema-instance" xsi:schemaLocation="http://doctrine-project.org/schemas/orm/doctrine-mapping http://doctrine-project.org/schemas/orm/doctrine-mapping.xsd">
  <entity name="health\ResourcesBundle\Entity\Video" table="video">
    <id name="id" type="integer" column="id">
      <generator strategy="IDENTITY"/>
    </id>
    <field name="intensity" type="string" column="intensity" length="60" nullable="false"/>
    <field name="workout" type="string" column="workout" length="60" nullable="false"/>
    <field name="content" type="text" column="content" nullable="false"/>
    <field name="picture" type="string" column="picture" length="90" nullable="false"/>
  </entity>
</doctrine-mapping>
