<?xml version="1.0" encoding="utf-8"?>
<doctrine-mapping xmlns="http://doctrine-project.org/schemas/orm/doctrine-mapping" xmlns:xsi="http://www.w3.org/2001/XMLSchema-instance" xsi:schemaLocation="http://doctrine-project.org/schemas/orm/doctrine-mapping http://doctrine-project.org/schemas/orm/doctrine-mapping.xsd">
  <entity name="health\forumBundle\Entity\Detoxquestions" table="detoxQuestions">
    <id name="dqId" type="integer" column="dq_id">
      <generator strategy="IDENTITY"/>
    </id>
    <field name="questions" type="text" column="questions" nullable="false"/>
    <field name="answer1" type="text" column="answer1" nullable="false"/>
    <field name="answer2" type="text" column="answer2" nullable="false"/>
    <field name="answer3" type="text" column="answer3" nullable="true"/>
    <field name="answer4" type="text" column="answer4" nullable="true"/>
  </entity>
</doctrine-mapping>
