<?xml version="1.0" encoding="utf-8"?>
<doctrine-mapping xmlns="http://doctrine-project.org/schemas/orm/doctrine-mapping" xmlns:xsi="http://www.w3.org/2001/XMLSchema-instance" xsi:schemaLocation="http://doctrine-project.org/schemas/orm/doctrine-mapping http://doctrine-project.org/schemas/orm/doctrine-mapping.xsd">
  <entity name="health\forumBundle\Entity\Threads" table="threads">
    <indexes>
      <index name="lang_id" columns="lang_id"/>
      <index name="user_id" columns="user_id"/>
    </indexes>
    <id name="threadId" type="integer" column="thread_id">
      <generator strategy="IDENTITY"/>
    </id>
    <field name="langId" type="boolean" column="lang_id" nullable="false"/>
    <field name="userId" type="integer" column="user_id" nullable="false"/>
    <field name="subject" type="string" column="subject" length="80" nullable="false"/>
  </entity>
</doctrine-mapping>
