<?xml version="1.0" encoding="utf-8"?>
<doctrine-mapping xmlns="http://doctrine-project.org/schemas/orm/doctrine-mapping" xmlns:xsi="http://www.w3.org/2001/XMLSchema-instance" xsi:schemaLocation="http://doctrine-project.org/schemas/orm/doctrine-mapping http://doctrine-project.org/schemas/orm/doctrine-mapping.xsd">
  <entity name="health\healthUserBundle\Entity\Users" table="users">
    <indexes>
      <index name="login" columns="username,pword"/>
    </indexes>
    <unique-constraints>
      <unique-constraint name="username" columns="username"/>
      <unique-constraint name="email" columns="email"/>
    </unique-constraints>
    <id name="userId" type="integer" column="user_id">
      <generator strategy="IDENTITY"/>
    </id>
    <field name="langId" type="boolean" column="lang_id" nullable="false"/>
    <field name="username" type="string" column="username" length="30" nullable="false"/>
    <field name="firstName" type="string" column="first_name" length="40" nullable="false"/>
    <field name="lastName" type="string" column="last_name" length="40" nullable="false"/>
    <field name="timeZone" type="string" column="time_zone" length="30" nullable="false"/>
    <field name="email" type="string" column="email" length="60" nullable="false"/>
    <field name="pword" type="string" column="pword" length="15" nullable="false"/>
  </entity>
</doctrine-mapping>
