<?xml version="1.0" encoding="utf-8"?>
<doctrine-mapping xmlns="http://doctrine-project.org/schemas/orm/doctrine-mapping" xmlns:xsi="http://www.w3.org/2001/XMLSchema-instance" xsi:schemaLocation="http://doctrine-project.org/schemas/orm/doctrine-mapping http://doctrine-project.org/schemas/orm/doctrine-mapping.xsd">
  <entity name="health\LifestyleBundle\Entity\Comments" table="comments">
    <indexes>
      <index name="page" columns="page"/>
    </indexes>
    <id name="id" type="integer" column="id">
      <generator strategy="IDENTITY"/>
    </id>
    <field name="name" type="string" column="name" length="50" nullable="false"/>
    <field name="comment" type="text" column="comment" nullable="false"/>
    <field name="date" type="datetime" column="date" nullable="false"/>
    <field name="page" type="string" column="page" length="200" nullable="false"/>
  </entity>
</doctrine-mapping>
