<?xml version="1.0" encoding="utf-8"?>
<doctrine-mapping xmlns="http://doctrine-project.org/schemas/orm/doctrine-mapping" xmlns:xsi="http://www.w3.org/2001/XMLSchema-instance" xsi:schemaLocation="http://doctrine-project.org/schemas/orm/doctrine-mapping http://doctrine-project.org/schemas/orm/doctrine-mapping.xsd">
  <entity name="health\userBundle\Entity\Exercises" table="exercises">
    <id name="exerciseId" type="boolean" column="exercise_id">
      <generator strategy="IDENTITY"/>
    </id>
    <field name="bodyPart" type="text" column="body_part" nullable="false"/>
    <field name="bodyImages" type="text" column="body_images" nullable="false"/>
    <field name="bodyText" type="text" column="body_text" nullable="false"/>
  </entity>
</doctrine-mapping>
