<?xml version="1.0" encoding="utf-8"?>
<doctrine-mapping xmlns="http://doctrine-project.org/schemas/orm/doctrine-mapping" xmlns:xsi="http://www.w3.org/2001/XMLSchema-instance" xsi:schemaLocation="http://doctrine-project.org/schemas/orm/doctrine-mapping http://doctrine-project.org/schemas/orm/doctrine-mapping.xsd">
  <entity name="health\userBundle\Entity\Posts" table="posts">
    <indexes>
      <index name="thread_id" columns="thread_id"/>
      <index name="user_id" columns="user_id"/>
    </indexes>
    <id name="postId" type="integer" column="post_id">
      <generator strategy="IDENTITY"/>
    </id>
    <field name="threadId" type="integer" column="thread_id" nullable="false"/>
    <field name="userId" type="integer" column="user_id" nullable="false"/>
    <field name="message" type="text" column="message" nullable="false"/>
    <field name="postDate" type="datetime" column="post_date" nullable="false"/>
  </entity>
</doctrine-mapping>
