<?xml version="1.0" encoding="utf-8"?>
<doctrine-mapping xmlns="http://doctrine-project.org/schemas/orm/doctrine-mapping" xmlns:xsi="http://www.w3.org/2001/XMLSchema-instance" xsi:schemaLocation="http://doctrine-project.org/schemas/orm/doctrine-mapping http://doctrine-project.org/schemas/orm/doctrine-mapping.xsd">
  <entity name="health\userBundle\Entity\Recipe" table="recipe">
    <id name="id" type="integer" column="Id">
      <generator strategy="IDENTITY"/>
    </id>
    <field name="title" type="string" column="title" length="50" nullable="false"/>
    <field name="category" type="string" column="category" length="50" nullable="false"/>
    <field name="ingredients" type="text" column="ingredients" nullable="false"/>
    <field name="rProcedure" type="text" column="r_procedure" nullable="false"/>
    <field name="image" type="string" column="image" length="80" nullable="false"/>
    <field name="postedOn" type="datetime" column="posted_on" nullable="false"/>
    <field name="postedBy" type="string" column="posted_by" length="50" nullable="false"/>
  </entity>
</doctrine-mapping>
