<?xml version="1.0" encoding="utf-8"?>
<doctrine-mapping xmlns="http://doctrine-project.org/schemas/orm/doctrine-mapping" xmlns:xsi="http://www.w3.org/2001/XMLSchema-instance" xsi:schemaLocation="http://doctrine-project.org/schemas/orm/doctrine-mapping http://doctrine-project.org/schemas/orm/doctrine-mapping.xsd">
  <entity name="health\DetoxBundle\Entity\Navigation" table="navigation">
    <id name="id" type="integer" column="id">
      <generator strategy="IDENTITY"/>
    </id>
    <field name="name" type="string" column="name" length="20" nullable="false"/>
    <field name="position" type="string" column="position" length="20" nullable="false"/>
    <field name="pageUrl" type="string" column="page_url" length="70" nullable="false"/>
  </entity>
</doctrine-mapping>
